Sector,Scheme Name,Details,Benefits,Eligibility,Application Process,Documents Required,Sources & References
"Agriculture,Rural & Environment",Chief Minister Floriculture Mission,"- Assam's floriculture is mostly a hobby despite some growth from initiatives like HMNEH.
- The state's floriculture area is less than 1% of the country's total, with West Bengal dominating the market.
- Annual inflow from West Bengal is Rs. 7-8 crores.","- Government provides planting materials, shade net, and a garden tool kit.
- Beneficiaries erect bamboo/steel structure, overseen by departmental officers.
- Bed preparation, fertilizer costs borne by beneficiaries.
- 2015-16 focus: Gerbera cultivation under shade net, 200 sqm. per unit.","-Priority for women SHGs and unemployed youths.
- Requires own or long-term leased land.
- Training on modern cultivation techniques by departmental officers.
- One beneficiary limited to a 200 sqm unit.
- Ensures SC and ST farmer representation.
","1.The Secretary to the Govt. of Assam Agriculture Department, Dispur Guwahati-6.                                2. Director of Horticulture and FP Assam, Khanapara, Guwahati-22.

","- Required for TC Gerbera cultivation in agro shade net house (200 sqm):
  - Aadhaar Card
  - Voter Card
  - Valid Bank Account",https://dirhorti.assam.gov.in/sites/default/files/swf_utility_folder/departments/horticulture_medhassu_in_oid_5/menu/schemes/3.1.pdf
"Agriculture,Rural & Environment",Livestock Health and Diseases Control,"- Eradicate PPR in sheep and goats by 2030 through mass vaccination.
- Control Classical Swine Fever (CSF) by vaccinating the entire pig population.
- Offer veterinary services via Mobile Veterinary Units for farmers.
- Support states in controlling prevalent livestock and poultry diseases through ASCAD.",1.Improved animal health and productivity                                                                        2.Reduced economic losses                   3.Improved food security                         4.Increased employment opportunities                                                 5. Improved rural livelihood,"- Eligibility: Genuine farmer or livestock owner.
- Requires valid livestock ownership document.
- Livestock must be utilized for commercial purposes.","- Contact local veterinary office or state Department of Animal Husbandry.
- Complete the application form with necessary details.
- Attach all required documents and submit",A copy of your Aadhaar card or other identity proof.A copy of your livestock ownership documents.,https://dahd.nic.in/sites/default/filess/2853-LHDC-10-08-2022-F-E_.pdf
"Agriculture,Rural & Environment",Financial Assistance for Setting up Crab Culture Unit,"Financial assistance of 25% of the actual cost, limited to ₹1,50,000 per hectare is provided to eligible fishermen for setting up crab culture unit. Only Fish Farmer/ Individual/ Registered Self Help Group/ Societies, interested in the setting up of the Crab Farming Unit in the State of Goa can apply to this scheme","1.Financial assistance of 25% of the actual cost, limited to ₹1,50,000 per hectare.                                                                            2.The assistance can be availed for up to 2 hectares of land.
3.50% of the actual cost, limited to ₹75,000 per hectare.
","-  Fish Farmer, Individual, Registered Self Help Group, or Societies interested in Crab Farming in Goa as resident for last 15 years
- Mandatory training on Crab Farming from Fisheries Department/MPEDA/ICAR","- Complete all mandatory fields and Attach a signed passport-sized photograph and necessary document copies
- Submit the documents to the Department of Fisheries at Dayanand Bandodkar Marg, Patto Colony, Panaji, Goa - 403 521, or at BDO Office/Sub-Offices of the Department of Fisheries.","- Include joint photograph of applicant.
- Provide survey plan of the proposed land. Submit engineering layout and project report.
- Include Form 1 & Form 14 of proposed land.
- Attach NOC from local Panchayat.
- Provide ownership/lease document.
- Include 15-year residence certificate in Goa.
- Submit Crab Farming training certificate 
",Schemes
"Agriculture,Rural & Environment",National Mission on Natural Farming,"Creating institutional capacities for documentation and dissemination of best practices, make practicing farmers as partners in promotion strategy, ensure capacity building and continuous handholding and finally attracting farmers to the natural farming willingly on the merit of the system.","- Eliminates health risks with no synthetic chemicals, providing nutrient-dense food.
- Improves soil biology, agrobiodiversity, and water efficiency with lower environmental footprints.
- Aims for viable farming,cost reduction, reduced risks.
- Optimizes water use with diverse crops, preventing unnecessary evaporation",The scheme is applicable to all farmers in India,"- beneficiaries contact Zila Parishad to apply.
- Zila Parishad Officer submits details and project plan to State Agriculture Department prepares action plan
- Upon approval of funds from the State, financial assistance is released to the beneficiary.","1)        Aadhaar number
2)        Land documents
3)        Caste Certificate (SC/ST only)
4)        Bank Details
5)        Photographs",https://agriculture.up.gov.in/nmnf/natural_farming/guid/NMNFGuidelines.pdf
"Agriculture,Rural & Environment",Rs 5 Lakh Insurance Cover To Farmers,"- Telangana offers Rs 5 lakh insurance coverage to farmers aged 18-60 from August 15, 2018.
- The state government pays the Rs 500 crore annual premium to LIC for around 50 lakh farmers.
- In case of a farmer's death, the family receives Rs 5 lakh compensation
- Farmers pay no premium; the state government covers the cost.","All the farmers in Telangana, who are aged between 18 and 60years, will get 5 lakh insurance coverage from 15 August 2018","All the farmers in Telangana, who are aged between 18 and 60years","If a farmer dies, The farmers successor/nominee need to go to LIC office along with legal death certificate of his/her to get the insurance coverage of 5 lakh within 10 days of the death.","Adhaar card.                              Ration card.                                 Voter ID card.
Address proof.
Medical reports.                      Domicile certificate. ","Rs 5 lakh insurance cover to Farmers | District JOGULAMBA GADWAL ,Government of Telangana | India"
Business & Entrepreneurship,Aamar Dukan On Wheels,"Aamar Dukan on Wheels is to control the price of essential commodities by avoiding the middleman. Through this scheme, the consumers will get their daily requirements of essential commodities at their doorstep at a reasonable price and shall also contribute to the removal of the unemployment problem. ","- Compliance with authorities' directives is mandatory, with potential legal consequences for lapses.
- Adherence to the operation schedule is crucial, with license cancellation for non-compliance.
- Displaying boards indicating prices is required, and beneficiaries obtain commodities as directed by authorities.","The applicant should be educated unemployed youth, permanent resident of Assam, age of 18 years and above.His name should be registered in the Employment Exchange.The minimum educational qualification will be HSLC or equivalent.","Deputy Commissioners/Sub-Divisional Officers/Principal Secretaries of all Autonomous Councils will invite applications and selection will be made on merit which includes
Educational Qualification.Past experience if any, andFinancial condition","Age proof.                                 Address proof.                          Personal Identification: Aadhaar Card, Voter ID ,Driving License. Educational Qualification.Experience certificate, if any.Photographs.",https://fcsca.assam.gov.in/how-to/apply-for-amar-dukan-on-wheels
Business & Entrepreneurship,Biponi Scheme,"- Focus on developing market infrastructure and providing financial assistance.
- Offers training for improved marketing skills, financial management, and product quality.
- Facilitates market linkages with retailers, exporters, and food processing units.
- Provides credit facilities for working capital to promote businesses.
- Targets rural and semi-urban areas for income and employment generation.","- Rs. 5,000/- stall rent assistance for in-state participation.
- Rs. 15,000/- stall rent assistance for out-of-state participation.
- DA of Rs. 50/- per stall for actual fair days within the district.
- DA of Rs. 600/- per stall for actual fair days outside the district.
- DA of Rs. 500/- per stall for actual fair days outside the State.","- Industry location must be in rural Assam.
- Existing industry with continuous operation for a minimum of 2 years.
- Own workshed for the production process is required.
- Applicant's age should be between 18 to 50 years, with no educational qualification bar.","The applicant can download the Biponi scheme application form from the link.The form Should be addressed to District Industries and Commerce Centre.


","-  one passport-size photograph,copy of industry registration,caste certificate 
- If available, include a training certificate.
- Submit a copy of a cancelled cheque with the proprietor's name printed.
- Include a quotation from the fair organization regarding rent.",https://industries.assam.gov.in/sites/default/files/Biponi_0.pdf
Business & Entrepreneurship,Incubation Scheme,"Incubation Scheme Under MSME Innovative Scheme aims to promote and support untapped creativity and to promote adoption of latest technologies in MSMEs that seek the validation of their ideas at the proof-of-concept level. The scheme also supports engagement with enablers who will advise such MSMEs in expanding the business by supporting them in design, strategy and execution.","-Up to maximum of ₹ 15,000,00 /-per idea shall be provided to HI for developing and nurturing the ideas.                                       -Up to ₹ 1,00,000,00 /- (max) shall be provided to HI for procurement and installation of relevant plant and machines including hardware and software etc. in BI for R&D activities and common facilities for incubatees of BI.

","Institutions such as Technical Colleges, Universities, other Professional Colleges/Institutes, R&D Institutes, NGOs involved in incubation activities, MSME-DIs/ Technology Centres or any Institute/Organization of Central/State Government.","-the official website  click on REGISTRATION button.                                  -After successful login, the HI/BI dashboard will be open. HI/BI application will be open by clicking on Apply for HI/BI Approval button. After clicking on button Apply button will be displayed.
- After click on Apply button, HI/BI application window will be display, fill all the detail and click on Final Submit
","University Affliation                           All India Council for Technical Education (AICTE) Approval      National Accreditation Board for Testing and Calibration Laboratories (NABL) or Other Accreditation        Last two years audited annual accounts with auditor’s report


",INCUBATION SCHEME
Business & Entrepreneurship,Gatidhara Scheme,"- Seeks to employ registered unemployed youth in the transport sector.
- Targets families with a monthly income of ₹25,000 or less for financial support.
- Eligible candidates determined through transport department interviews.
- Aims to generate self-employment in urban and rural areas by promoting transport services.","Under the scheme, the subsidy @ 30% of the ex-showroom price of the vehicle subject to a maximum of ₹1,00,000/- will be provided to the beneficiary for purchasing any commercial vehicle.","- Applicant must be a permanent resident of West Bengal.
- Enrollment in the Employment Bank of Labour Department, GOWB, is a prerequisite.
- Applicant's age should be between 25 to 45 years, with a relaxation of 5 years for SC/ST and 3 years for OBC. Family income should be less than ₹25,000 per month.
"," -Applicant should get his application with all requisite documents processed by the dealer of his choice.
-Select a financier for the loan required for purchasing the vehicle.
- The vehicle is to be registered within one month of receipt of the offer letter for permit and subsidy under the scheme.

","- Family Income Certificate.
- Proof of enrollment in Employment Bank.
- Proof of age.
- Proof of address.
- Identity proof.
- Bank details.
- Passport-size photograph.
- Caste certificate, if applicable.",GATIDHARA SCHEME
Business & Entrepreneurship,Financial Assistance To Disabled For Self Employment,"- Aids self-employment for unemployed persons with disabilities.
- Offers financial support for small-scale businesses and agro-projects.
- Eligibility for permanent residents of Maharashtra.
- 100% funded by the Maharashtra Government.","- Offers Financial Assistance up to ₹1,50,000.
- 80% loan provided by Nationalized Bank.
- 20% subsidy (up to ₹30,000) by Dept. of Social Justice & Special Assistance.","- Permanent resident of Maharashtra State.
- Person with Disability (Visually Handicapped, Low Vision, Hearing Impaired, Orthopedically Handicapped, etc).
- Disability percentage should be 40% or above.
- Age group: 18 to 50 years.
- Annual income should be less than ₹1,00,000.","- Visit District Social Welfare Office for the scheme's application form.
- Complete the form, affix signed passport-sized photo, and attach self-attested documents.
- Submit the filled form and documents to the Assistant Commissioner, District Social Welfare Office.
- Obtain a receipt/acknowledgment after submission.","- Aadhaar Card.
- Proof of Age (Birth Certificate, Class 10th/12th Marksheet, etc).
- 2 Passport-Sized Photographs (signed across).
- Residential or Domicile Certificate of Maharashtra State.
- Disability Certificate.
- Income Certificate.
- Bank Account Details ",Disability Welfare | Social Justice & Special Assistance Department
"Banking,Financial Services and Insurance",NSAP - Indira Gandhi National Old Age Pension Scheme,"- IGNOAPS targets citizens aged 60 or above living below the poverty line.
- Monthly pension: ₹200 for those up to 79 years, ₹500 for those aged 80 and above.
- Aligns with constitutional Directive Principles of State Policy, emphasizing welfare measures.
- Aims to improve livelihoods, raise living standards, and address public health and education.",A monthly pension of ₹ 200 up to 79 years and ₹ 500 thereafter.,1.The applicant should be a citizen of India.                                                                                  2.The applicant should be living Below Poverty Line.                                                                  3.The applicant should be at least 60 years of age.,"- Download UMANG App or visit https://web.umang.gov.in/web_new/home
- Search for NSAP after logging in.
- Click on ""Apply Online.""
- Fill in basic details, select pension payment mode.
- Upload a photo and click ""Submit.""","1.Duly filled and self-attested Application Form 
2. Domicile Certificate.
3. Residential Proof (Voter card, Electricity Bill, Aadhar Card).
4. Age Proof (Birth Certificate issued by the last attended school, Municipal authority, SHO, or through Medical Board).
5. Aadhar Number.
6. Bank Passbook.
7. Ration Card.
8. Affidavit ","Government of India Ministry of Rural Development October,2014"
"Banking,Financial Services and Insurance",Indira Gandhi National Widow Pension Scheme,"Indira Gandhi National Widow Pension Scheme (IGNWPS) is implemented by Ministry of Rural Development, Government of India. It is a non-contributory pension scheme to provide social security to widows of poor family (BPL)  of the society.",A pension of Rs.300/- per month is provided to Widows between 40 years and 79 years. For persons who are 80 years and above the pension is Rs.500/- per month. ,-The applicant must be a widow in the age group of 40-79 years.                                                                                            -The applicant should belong to a household living below the poverty line according to the criteria prescribed by the Govt. of India,"- Download UMANG App or visit https://web.umang.gov.in/web_new/home                                           - Search for NSAP after logging in.                                                      - Click on ""Apply Online.""                                                                      - Fill in basic details, select pension payment mode.                             - Upload a photo and click ""Submit.""","Death Certificate of husband – With the name of the surviving wife(widow).                                    BPL Card.                                      Age Proof - For age, the birth certificate or school certificate may be relied on. In their absence ration card and EPIC may be considered. ",https://nsap.nic.in/Guidelines/wps.pdf
"Banking,Financial Services and Insurance",Jai Johar (Old Age Pension) Scheme," The scheme is aimed at the Scheduled Tribe (ST) residents of West Bengal of the age of 60 years and above who do not receive any other pension from any other authority. Over 3,00,000 beneficiaries have been brought under the fold of the scheme. The amount of monthly pension of ₹ 1,000/- is transferred directly to the individual bank account of the beneficiary.","A monthly pension of ₹1,000/- is transferred directly to the individual bank account of the beneficiary.",-The applicant should be a permanent resident of West Bengal.                                                     -The applicant should belong to the Scheduled Tribe (ST) category.                                               -The applicant should have attained the age of 60 years or more.                                                   -The applicant should not be a beneficiary under any other Social Security pension scheme.        -The applicant should not be a recipient of Government pension or pension from any other organization.,"- Request the application form from the Block Development Officer (BDO) / Sub Divisional Officer (SDO) / Kolkata Municipal Corporation.
- Complete the form, affix signed passport-sized photo, and attach self-attested mandatory documents.
- Submit the filled form and documents to the relevant authority:
   - BDO 
   - SDO 
   - Commissioner Kolkata Municipal Corporation","- Passport Size Photograph
- Formal Caste or Tribe Certificate 
- Digital Ration Card
- EPIC (Elector's Photo Identity Card)/Voter Card
- Self-Attested Residential Certificate/Address Proof
- Copy of Bank Passbook
- Aadhaar Card","Taposili Bandhu & Jai Johar under Jai Bangla Prakalpa | Nadia District, Government of West Bengal | India"
"Banking,Financial Services and Insurance",Bank Tie-Up Scheme,"the Punjab Scheduled Castes Land Development & Finance Corporation (PSCLDFC) arranges loans through banks, and subsidy is provided by PSCLDFC. The permanent residents of Punjab belonging to Scheduled Castes and living Below Poverty Line are eligible under this scheme. This is a 100% State Sponsored Scheme, and only the permanent residents of the state of Punjab can apply for this scheme.","- Subsidy: Capital subsidy up to 50%, maximum ₹10,000.
- Source: Provided by Govt. of India from SCA funds.
- Loan: Offered by various banks in the State.
- Interest Rate: Charged by banks as per RBI guidelines.","-  Print Application Form (Form-I, Form-II) from PSCLDFC website or District Offices.
- Complete form, affix signed passport-sized photo, and attach self-attested mandatory documents.
- Submit filled form and documents to the District Office.
- Obtain receipt/acknowledgment of successful submission from the District Office.","- Duly attested application form.
- Residential or Domicile Certificate of Punjab.
- Caste Certificate.
- Valuation Certificate of the property.
- Map of the property.
- Farad Zama Bandi.
- Copy of the registry 
- Affidavit regarding the loan.
- 3 Passport-sized Photographs 
- Employer Certificate, Salary Certificate, and Surety Bond 
- Aadhaar Card.
- Bank Account Details 
- Income Certificate.",Bank Tie-up Scheme | Punjab Scheduled Castes Land Development & finance Corporation,https://pbscfc.punjab.gov.in/?q=node/25
Education and learning,Sudama Chhatravrti Yojana,"Madhya Pradesh State Government Started Pre-Matric Scholarships for state students. Under this scheme, financial assistance is provided to 300 boys students and 400 girls students of Madhya Pradesh State. ","The scholarship amount for male students: Rs. 5000/- annually.
The Scholarship amount for female students: Rs. 5250/- annually.
",The parent's annual Income should not be more than Rs. 1 Lakhs.Family Should belong to BPL category.Students should secure above 60% marks in 10th class and currently studying in 11th & 12th class and living in the hostel.Students should belong to the General Category.,Applicant students have to contact their educational institution.The profile of the students is entered on the education portal www.shikshaportal.mp.gov.in by the teacher of the educational institution as per the record/certificate provided by the student.Fill out the application form and attach the required documents.Submit.,"Residence proof Certificate from residence authority (electricity bill, water connection bill, etc.).Aadhar card.Bank Account Details.Income certificate of parents.class 9th and 10th mark sheet.Minimum 2 passport-size photographs.","https://cmhelpline.mp.gov.in/Schmedetail.aspx?Schemeid=422  ,  "
Education and learning,Scholarships to Students with Disabilities Scheme,"The scheme “Scholarships to Students with Disabilities Scheme” was started by the Department of Social Security and Women & Child Development, Government of Punjab in the year 1996. The objective of the scheme is to assist students with disabilities to secure education, academic, technical, or professional training to enable them to earn a living and become useful members of society. This scheme is fully state-sponsored.","1.        Under this scheme, scholarship @ ₹200/- per month per Student with Disability for education for class 1st to 8th.
2.        Scholarship @₹300/- per month per the student with Disability for education/training from 9th Class onwards.
Note: The Directorate shall credit the scholarship online in the bank account of the student.
","All students of Punjab having 40 % and above disability (In any disability contained in the schedule of RPwD Act 2016) certificate.The monthly income of family/guardians should not exceed ₹5,000/- per month.The candidate should have secured at least 40% marks in the previous annual examination.The scholarship will be provided to each student with disability from 1st class onwards.",Application for the scholarship is submitted to the Head of school/college/ institution who after verifying it shall forward it to the District Social Security Officer (DSSO) of the concerned district.,"1.        Disability Certificate/ UDID showing 40% and above disability
2.        Income certificate showing less than ₹ 60,000/- per year income of parents
3.        Copy of the bank account details
",https://sswcd.punjab.gov.in/en/scholarships-to-students-with-disabilities-divyang
Education and learning,Stipend to Scheduled Caste Trainees in Technical Training Institutions,"The scheme “Stipend to Scheduled Caste Trainees in Technical Training Institutions” was implemented by the Adi Dravidar Welfare and Scheduled Tribes Welfare Department, Union Territory of Puducherry. The objective of the scheme is to provide financial support to Scheduled Tribe candidates/trainees who are undergoing training in the Government Technical Training Institutions of the Union Territory of Puducherry.","1.Under this scheme, a stipend is paid at the rate of ₹170/- per month per trainee for the whole period of training.",1.The candidates/trainees who are undergoing training in the Government Technical Training Institutions of the Union Territory of Puducherry are eligible to apply under the scheme.2.The candidate should belong to the Scheduled Caste community.3.There is no income limit to apply under the scheme.,"To apply for the scholarship, first-time applicants must register on the National Scholarship Portal (NSP) at https://scholarships.gov.in/ using the ""New Registration"" icon. Upon successful registration, they receive a unique ""Student Registration ID."" Using this ID, students can log in through the ""Fresh Application"" icon, accessing the welcome page. Clicking on the ""Application Form"" icon allows them to fill out the application, and upon clicking ""Final Submit,"" the application is successfully submitted. A system-generated registration number is then provided for future reference..
","1.Identity proof i.e. Aadhaar Card
2.Passport size photograph
3.Educational documents/certificates i.e. Mark sheets
4.Caste certificate
5.Nativity Certificate issued by the Competent Revenue Officials
6.Bank Account details
7.Any other document, as required
",https://adwelfare.py.gov.in/stipend-sc-trainees-technical-training-institutions
Education and learning,Incentive To Saharia Students For B.Ed,"The basic objective of the scheme is to provide financial assistance to the students of the Saharia region for B.Ed training so that the tribal students of the Saharia region can keep their participation in the government service. 
In this scheme, hostel fees, scholarships (stipends), tuition fees, and stationery are given to these students. Provision has been made to give financial assistance in the form of The benefit of the scheme will be payable only for 10 months.
","Saharia tribe students who are taking regular B.Ed training are given Rs.30,000 in the first year and Rs.30,000 in the second year. 
Details are given below :
Rs. 26,000/- for college fees and purchase of books.Rs. 32,000/- for house rent and food.Rs. 2,000/- for clothes.
","The student should be a native of Rajasthan.The student should belong to Saharia class, a tribe of the Baran district of Rajasthan.The student should be a regular trainee in the government / non-government BEd training institute.The student's mother/father/guardian/guardian should not be a taxpayer.The student who is studying while living in the hostel is run by the government. They will not be entitled to benefit under the said scheme.Students should have a Vaidya Bhamashah card and Aadhaar. ",Applicant students have to visit the official website.Now Select the Login option or Register Option. Applicants will be redirected to the  Rajasthan SSO portal. Now students can log in with their Jan-Aadhaar ID. Fill out the application form.Attach the required documents.Submit.,Caste Certificate Copy.Aadhar Card Copy.Education Qualification Marksheet / Certificate Copy.Income Certificate Copy.Jan Aadhar/Bhamashah Card Copy.,https://schemes.rajasthan.gov.in/scheme/detail/400
Education and learning,National Merit Cum Means Scholarship,"The objective of the scheme is to award scholarships to meritorious students of economically weaker
sections to class VIII and encourage them to continue their studies at the secondary stage. Scholarship of Rs. 12000/- per annum (Rs.1000/- per month) per student is awarded by the Ministry of Human Resource Development to selected students every year for study in classes from IX to XII Students studying in recognized Govt / Govt Aided/Local Body/Corporate School.
",Scholarship of Rs. 12000/- per annum (Rs.1000/- per month) per student is awarded by the Ministry of Human Resource Development to selected students every year for study in classes from IX to XII Students studying in recognized Govt / Govt Aided/Local Body/Corporate School,"The students shall have a minimum of 55 % marks or an equivalent grade in the Class VII examination for appearing in the selection test for the award of scholarship (relaxable by 5% for SC/ST students). The students should be studying as regular students in Government, Government-aided, and local body schools.Scholastic Aptitude Test may consist of 90 multiple-choice questions covering subjects namely, science, social studies, and mathematics as taught in classes VII and VIII","Step 01: Normally application is open from July- September online in National Scholarship Portal in https://scholarships.gov.in/
Step 02: Printout of online application along with documents mentioned above must
be submitted to the School for verification online.
",Aadhaar Card.Bank Account (self-account). Income certificate issued by competent authority (up to date).Previous year examination mark sheet. Permanent Residential Certificate (up to date),https://msb.mizoram.gov.in/
Health and Wellness,"
Nirmaan Shramik Mrtyu Evan Divyaang Sahaayata Yojana","In 2020, Chhattisgarh State Government started the ""Nirmaan Shramik Mrtyu Evan Divyaang Sahaayata Yojana"" fBuilding and other construction workers. With this scheme, family will able to get the financials benefits after the death or disability of the construction worker. ","Financial Help On Normal Death₹ 1,00,000/- Death on work location₹ 5,00,000/- Permanent disability on work location₹ 2,50,000/-

","This scheme is designed for construction workers aged 18 to 60, who are registered beneficiaries under Section 12 of the Building and Other Construction Workers (Regulation of Employment and Service Conditions) Act, 1996. Eligibility excludes deaths resulting from suicide, drug consumption, criminal activities, physical violence with criminal intent, or riot-related incidents. The assistance is granted solely upon the registered worker's death and not for family members. Those already benefiting from the Financial Assistance and Rehabilitation Assistance Scheme for construction workers with silicosis are ineligible, as a separate scheme caters to their needs.





","To apply for the scheme in Chhattisgarh, visit the official labor website and click on ""Apply Now"" under Building and Other Construction. Provide district and new registration number details, then select the scheme. Fill out the online form, uploading necessary documents such as labor registration card, daughter's Aadhaar card, daughter's bank passbook photocopy, age certificate, and Class 10th marksheet. Click ""Submit"" and note the application number for reference.","Registration certificate,Aadhar card, Bank passbook, Nominee's Aadhar card,Address proof, Mobile number, Death certificate and In case of permanent disability, permanent disability certificate issues by the doctor. ",https://cglabour.nic.in/BOCW/BOCADHISUCHNA/191714_10_05_2019.pdf
Health and Wellness,Delhi Arogya Nidhi,"The ""Delhi Arogya Nidhi (DAN)"" is a scheme implemented by the Directorate General of Health Services to provide financial assistance of up to ₹1.5 lacs to needy patients who have National Food Security Cards for treatment of diseases in Government hospitals only.","Under the scheme, financial assistance of up to ₹1.5 lacs will be provided to needy patients who have National Food Security Cards for treatment of diseases in Government hospitals only.",Patients should have a National Food Security Card.The patient must be a resident of Delhi and has to furnish domicile proof of residing in Delhi continuously for the last 3 years (prior to the date of submission of the application).Treatment should be from the Government Hospital in Delhi.,"Step 01: Visit the official website to download the Application Form for Financial Aid.
Step 02: Fill out the form with all requisites details.
Step 03: The photocopies of all documents are to be attached with the application and the original is to be brought at the time of submission of same for verification.
Step 04: Applicant has to submit an undertaking for his signature verification as given in the application form.
Step 05: Application to be submitted in Patient Welfare Cell, Directorate of Health Services, 6th Floor, F-17, Karkardooma, (Near Karkardooma Court), Delhi-110032.
","To avail medical assistance in Delhi, applicants must provide proof of continuous residence for the last three years using documents such as the National Food Security Card, Electoral Voter's Photo Identity Card, Birth Certificate (if the patient is a minor), Extract from the electoral roll, or Aadhaar Card. Additionally, an Original Estimate Certificate signed by a medical authority, two attested photographs of the patient, a copy of the National Food Security Card, and photocopies of the treatment record are required. The application form should include an undertaking for signature verification by the applicant.",https://dgehs.delhi.gov.in/sites/default/files/inline-files/delhi_arogya_nidhi.pdf
Health and Wellness,Girl Students Health & Hygiene Scheme,"The scheme “Girl Students Health & Hygiene Scheme” was announced by the Department of School Education, Govt. of Arunachal Pradesh in 2013. This scheme is basically providing incentives towards the beneficiaries of girl child students studying in classes VI to XII only which institutes/schools are fully run by the State Govt. and Govt. Aided Schools in Arunachal Pradesh. The main aim and objective of this scheme are to be retained and continue in the schools during the occurrence of their menstrual period. Further, this scheme increases awareness among adolescent girls on Menstrual Hygiene.",₹50/- per student per month in all Govt. schools through DBT (all year amount is credited to the account of the beneficiary),1. All girl students from class VI to XII studying in government and government-aided schools in Arunachal Pradesh,"1.Girls Students will not need to fill any application form to take benefits of the scheme.
2.Sanitary napkins will be given to the girl students by their schools.
3.Girl students may also contact the Director of Elementary and Secondary Education in their concerned district.
","1.School Identity Card (Admission in School- All Govt. Schools and Govt-aided Schools)
2.Aadhaar Card
3. Bank details of the applicant/concerned girl student
",https://cdn.s3waas.gov.in/s3c0c7c76d30bd3dcaefc96f40275bdc0a/uploads/2023/01/2023012771.pdf
Health and Wellness,Assistance For Delivery / Miscarriage Of Pregnancy / Termination Of Pregnancy To Female Differently Abled Person,"The Government of Tamil Nadu introduced ""Assistance for Delivery/ Miscarriage of Pregnancy/ Termination of Pregnancy to Female Differently Abled Person with a sum of Rs.6,000/- @ Rs.1,000/- per month for delivery and Rs.3,000 for miscarriage/termination of pregnancy is given to female differently abled person. ","A sum of Rs.6,000/- @ Rs.1,000/- per month for delivery and Rs.3,000 for miscarriage/termination of pregnancy is given to a female differently abled person.",Differently abled person holding identity card issued by the welfare board for the differently abled.,"Step 1: Visit the official website of the Chennai district.
Step 2: Click on the Departments. Select Differently Abled Welfare, after selecting click on Differently Abled Welfare Schemes. 
Step 3: You will land on the List of Scheme page of Differently Abled Welfare Schemes.
Step 4: Scroll down to the section ""L. Tamilnadu differently abled welfare board schemes"". 
Step 5: Download the application form of the ""S.No. 6 Assistance for delivery/miscarriage of pregnancy/termination of pregnancy to female differently abled person"".
.
","Copy of National Spouse Identity Card and Board Registration DetailsCopy of Family Card Copy of Aadhaar CardFor jump i) Child birth certificate copy ii) Hospital certificate copyCertificate from the hospital where the operation was performed for abortion

",https://www.scd.tn.gov.in/pdf/schemes/pdf/ASSISTANCE%20FOR%20DELIVERY%20%20MISCARRIAGE%20OF%20PREGNANCY.pdf
Health and Wellness,Kanti Velugu,The State Government has embarked on a Noble Project of achieving “avoidable blindness-free Telangana” status by conducting a Comprehensive and Universal Eye Screening for the entire population of the State under the title ‘Kanti Velugu’,"Telangana has launched a Universal Eye Screening program, providing free services to all citizens. This includes distributing spectacles for Refraction Errors, organizing surgeries for conditions like Cataract and Glaucoma, and offering free medicines for common eye ailments. All services are provided at no cost, emphasizing accessibility to comprehensive eye care. The initiative also focuses on educating citizens about preventing serious disabling eye diseases, ensuring a holistic approach to eye health.
",All the citizens of Telangana are eligible for Universal Eye Screening,Visit Nearest Primary health care centers.,"Valid Identity proof like
 Adhaar card Ration card.Voter ID card.
Address proof.
Medical reports.Domicile certificate.
",https://drysrkv.ap.gov.in/
Social welfare & Empowerment,Jai Johar (Old Age Pension) Scheme,"""Launched on April 1, 2020, 'Jai Johar (Old Age Pension)' by the Tribal Development Department in West Bengal is a Social Security Scheme for Scheduled Tribe residents aged 60 and above. The initiative has successfully enrolled over 3,00,000 beneficiaries, providing a monthly pension of ₹1,000 directly to their bank accounts, filling a crucial gap for those not covered by other pension programs.""","A monthly pension of ₹1,000/- is transferred directly to the individual bank account of the beneficiary.",1.The applicant should be a permanent resident of West Bengal. 2.The applicant should belong to the Scheduled Tribe (ST) category.3.The applicant should have attained the age of 60 years or more.4.The applicant should not be a beneficiary under any other Social Security pension scheme.5.The applicant should not be a recipient of Government pension or pension from any other organization.,"""To apply for the 'Jai Johar (Old Age Pension)' Scheme:
1. Get the free application form from BDO/SDO/Kolkata Municipal Corporation.
2. Fill in required details, attach documents, and submit to the relevant authority:
   - BDO for rural areas.
   - SDO for Municipalities and Notified Areas.
   - Commissioner, Kolkata Municipal Corporation for KMC areas."".
","1.Passport Size 2.PhotographFormal Caste or Tribe Certificate (If unavailable, a Caste/Tribe certificate of any paternal relative is acceptable for the initial assessment. However, the applicant must procure their caste certificate later and submit the same subsequently)3.Digital Ration Card.4.EPIC (Elector's Photo Identity Card)/Voter Card 5.Self-Attested Residential Certificate/Address Proof 6.Copy of Bank Passbook 7.Aadhaar Card",https://nadia.gov.in/scheme/taposili-bandhu-jai-johar-under-jai-bangla-prakalpa
Social welfare & Empowerment,AICTE – Saksham Scholarship Scheme For Specially-Abled Student (Diploma),"""Saksham, a Ministry of Education initiative administered by AICTE, provides ₹50,000 per year for up to three years (first-year students) or two years (lateral entry) to support specially-abled students in technical education. Eligibility requires admission to AICTE-approved institutions with a family income below Rs. 8 lakh per annum, aiming to empower these students for a successful future.""","- Amount: ₹50,000 per year
- Duration: Up to 3 years (first-year students), 2 years (lateral entry)
- Usage: College fees, computer, stationery, books, equipment, software, etc.
- Disbursement: Annual DBT
- Renewal: Application via National Scholarship Portal with passing certificate and institution head's letter
- Payment: Annually through DBT after selection","- Eligible Courses:
  - First year of Diploma level course
  - Second year through lateral entry
- Institution Criteria:
  - Admission in any AICTE-approved institution
- Disability Requirement:
  - Specially-abled with a minimum 40% disability
- Income Limit:
  - Family income not exceeding Rs. 8 lakh per annum
- Documentation:
  - Valid income certificate from State/UT Government required","1. Registration:
   - Visit http://www.scholarships.gov.in/
   - Complete the form, accept terms, and click “Continue.”
2. Receive ID:
   - Fill the Registration Form.
   - Receive Application ID and password via SMS.
3. Login and Apply:
   - Visit https://scholarships.gov.in/fresh/newstdRegfrmInstruction 
   - Enter ID, password, and OTP.
   - Reset password, submit, and access the “Applicant’s Dashboard.”
4. Form Submission:
   - Click “Application Form” on the left pane.
   - Fill mandatory details, upload documents.
   - Opt for ""Save as Draft"" or click ""Final Submit"" to complete the application.

 
","
  1. Aadhaar copy
  2. Copy of SSC/10th certificate & mark sheet
  3. Copy of HSC/12th certificate & mark sheet (For Degree level)
  4. Copy of ITI certificate & mark sheet (For Lateral Entry to Diploma level)
  5. Copy of Diploma certificate & mark sheet (For Lateral Entry to Degree level)
  6. Category Certificate (if applicable)
  7. Study/Bonafide Certificate (Appendix-I)
  8. Annual Family Income Certificate (Appendix-II)
  9. Promotion Certificate (For renewal, Appendix-III)",https://www.myscheme.gov.in/schemes/sak-dip#sources
Social welfare & Empowerment,Niramaya Health Insurance Scheme,"
  1. Launched by the Department of Empowerment of Persons with Disabilities, Ministry of Social Justice & Empowerment.
  2. Comprehensive coverage with a fixed premium, regardless of age.
  3. Equal healthcare support for all disabilities.
  4. Financial assistance through reimbursement-based insurance cover.
  5. Wide range of services, including checkups, hospitalizations, therapies, corrective surgeries, and transportation.
  6. No pre-insurance medical tests required for coverage initiation.
  7. Flexibility in choosing any hospital for treatment without restrictions.","- Health Insurance Coverage:
- OPD Treatment
- Regular Checkups
- Dental Care:
- Surgery:
  - For preventing disability worsening or existing disabilities.
- Non-surgical/Hospitalization:
  - Coverage for non-surgical treatments and stays.
- Ongoing Therapies:
  - Management of disability and related complications.
- Alternative Medicine:
  - Coverage for alternative treatment options.
- Transportation Costs:
  - Reimbursement for medical care-related transportation.","ELIGIBILITY:All the disable person who have at least one of the disabilities under the National Trust Act, 1999 with valid disability certificate. EXCLUSION:The scheme will be available in the entire country except J&K. The scheme further envisages that there shall be.","Enrolment:
- Visit RO with documents, complete online application for Niramaya, and obtain Health ID.
Renewal:
- Renew three months in advance.
- **APL Category (> ₹15,000/month):**
  - Online renewal on Niramaya website.
  - Provide details and submit.
- **APL/BPL:**
  - Renew at RO with required documents.
Claim:
- Submit Claim Form with vouchers/bills to insurance provider centers within 30 days.
- Download form from [Insurance Provider Website](https://www.rakshatpa.com/WebPortal).
- Approved claims transferred per IRDA guidelines.",Disability certificate issued from the District Hospital or appropriate Government authority(Self-attested).Below Poverty Level or BPL card (in case of beneficiary belongs to BPL category).Address Proof.Proof of payment.Income certificate (Self attested)of the parent/ guardian competent authority as issued by the State(in case of beneficiary belongs to APL category).,https://www.myscheme.gov.in/schemes/nhis#sources
Social welfare & Empowerment,Scholarship To Scheduled Castes Students Studying In Government ITI’s,"""The 'Scholarship to Scheduled Castes Students in Government ITI’s' scheme, initiated in 2017-18 by the Department of Welfare of Scheduled Castes & Backward Classes, Haryana, promotes skill development among Scheduled Castes youths. Implemented through the Skill Development and Industrial Training Department, Haryana, the scheme aims for self-employment and job opportunities in the public and private sectors. Fully funded by the Haryana State Government, the funds are allocated based on the department's needs.""","- Scholarship: ₹200 per month for Scheduled Caste students annually.
- Tuition Fee Reimbursement: ₹15 per month.
- No scholarship for failed students.
- Disbursed in two installments, with the first upon admission to Government ITI’s.
- Second installment subject to meeting attendance criteria for examinations.
- Payments made through Aadhaar-linked bank accounts for efficiency and security.","- **Eligibility for Scholarship:**
  - Available for Scheduled Castes students.
  - Applicable to those studying in Government ITIs in Haryana State.
  - Students must belong to the Scheduled Castes of Haryana.
  - Residency requirement: Students should be residents of Haryana State.

- **Note:**
  - Students benefiting from this scheme are not eligible for benefits from any other State/Central Scheme.","Step 01: The eligible students should contact to their Head/Principal of ITI's in which they are studying and collect the application form for the scholarship.
Step 02: Fill in all necessary details in the application form.
Step 03: The completely filled application form along with all the necessary attachments should be submitted to concerned receiving authority in their institute.
Step 04: After successful verification, the students shall be eligible to get the benefits of the scheme."," 1. Aadhaar Card Copy
  2. Applicant’s Photograph
  3. Applicant's Signature
  4. Income Certificate
  5. Haryana Domicile Certificate
  6. Caste Certificate
  7. 10th Class Certificate
  8. 12th Class Certificate
  9. Parivar Pehchaan Patra
  10. Fee Receipt
  11. Last Exam Passed Certificate (Except for 1st Year Students)
  12. BPL Certificate (if applicable)
  13. Father's Death Certificate (if applicable)
  14. Affidavit stating that the student is not benefiting from any other State/Central scheme.",https://www.myscheme.gov.in/schemes/sscssgi#sources
Social welfare & Empowerment,The Integrated Child Protection Scheme,"""The 'Integrated Child Protection Scheme' implements the Juvenile Justice Act, providing free services like food, clothing, and education to vulnerable children. It focuses on foster care, rehabilitation, and skill development for their reintegration into society. Complemented by the State Government's 'Mukhya Mantri Bal Udhar Yojana,' the initiative aims to protect children's rights and prevent abuse, neglect, and family separation.""","- Coordinates and develops the state-level adoption program, ensuring legal recognition and maintaining an agency list.
- Facilitates and regulates in-country and inter-country adoptions, aligning with Supreme Court and Government guidelines.
- Manages web-based databases for adoptable children and prospective parents, collaborating with DCPU.
- Supervises SAAs, ensures PAP registration, and provides monthly adoption data to CARA.
- Enhances adoption system worker capacity, takes punitive action for malpractices, and advocates to promote adoptions through IEC materials.","1. Children in Need of Care and Protection:
   - Orphaned, abandoned, or lacking proper care.
   - Eligible for ICPS services.
2. Children in Conflict with Law:
   - Needing care and protection due to legal involvement.
   - Eligible for ICPS services.
3. Childcare Institutions:
   - Registered under Juvenile Justice Act, 2015.
   - Compliant with government standards.
   - Eligible for ICPS financial assistance.
4. State Government Departments:
   - Responsible for children's welfare.
   - Eligible for ICPS financial assistance for scheme implementation.
5. Non-Governmental Organizations (NGOs):
   - Involved in child protection.
   - Registered under Societies Registration Act, 1860, or relevant acts.
   - Eligible for ICPS financial assistance.",offline.,"- **Documents Required:**
  1. **Proof of Identity:**
     - Government-issued identity card (Aadhaar Card, Voter ID Card, Passport, or Driving License).
  2. **Proof of Address:**
     - Document verifying current address (utility bill, bank statement, or rental agreement).
  3. **Income Certificate:**
     - Required for financial assistance under ICPS to establish eligibility.
  4. **Birth Certificate:**
     - Child's birth certificate for protection or support application.
  5. **Medical Certificate:**
     - Needed if the child has a medical condition or disability.
  6. **Guardianship Certificate:**
     - Required for legal guardians applying for protection or support.
  7. **Police Verification Certificate:**
     - Mandatory for those seeking adoption to prove eligibility",https://www.myscheme.gov.in/schemes/icps#sources